Year,State,State Code,Deaths,Population
1980,Alabama,1,1872,3283326
1980,Arizona,4,1913,2293265
1980,Arkansas,5,1195,1930478
1980,California,6,13014,20309154
1980,Colorado,8,1684,2460334
1980,Connecticut,9,1780,2716630
1980,Delaware,10,270,511111
1980,District of Columbia,11,463,567350
1980,Florida,12,6446,8554566
1980,Georgia,13,2661,4601339
1980,Hawaii,15,339,813786
1980,Idaho,16,492,767670
1980,Illinois,17,5859,9734664
1980,Indiana,18,2864,4638407
1980,Iowa,19,1999,2481139
1980,Kansas,20,1601,2013787
1980,Kentucky,21,2402,3088635
1980,Louisiana,22,1628,3498401
1980,Maine,23,796,961967
1980,Maryland,24,1838,3651785
1980,Massachusetts,25,4229,5025088
1980,Michigan,26,4412,7849845
1980,Minnesota,27,2277,3472426
1980,Mississippi,28,1130,2086311
1980,Missouri,29,3196,4207116
1980,Montana,30,495,661997
1980,Nebraska,31,994,1328834
1980,Nevada,32,419,688672
1980,New Hampshire,33,569,790101
1980,New Jersey,34,3885,6393087
1980,New Mexico,35,727,1078548
1980,New York,36,11130,15237268
1980,North Carolina,37,2865,5030002
1980,North Dakota,38,378,548949
1980,Ohio,39,6004,9189000
1980,Oklahoma,40,1792,2562410
1980,Oregon,41,1677,2245730
1980,Pennsylvania,42,7910,10311286
1980,Rhode Island,44,537,828997
1980,South Carolina,45,1324,2629661
1980,South Dakota,46,442,579451
1980,Tennessee,47,2556,3915104
1980,Texas,48,6224,11890241
1980,Utah,49,566,1124888
1980,Vermont,50,363,437603
1980,Virginia,51,2706,4598608
1980,Washington,53,2424,3530022
1980,West Virginia,54,1325,1651259
1980,Wisconsin,55,2371,4014023
1980,Wyoming,56,244,385415
1981,Alabama,1,2090,3318827
1981,Arizona,4,1795,2381913
1981,Arkansas,5,1352,1943103
1981,California,6,13224,20858753
1981,Colorado,8,1762,2539749
1981,Connecticut,9,1745,2748604
1981,Delaware,10,286,514125
1981,District of Columbia,11,369,567795
1981,Florida,12,6935,8969398
1981,Georgia,13,2827,4710567
1981,Hawaii,15,333,826740
1981,Idaho,16,527,782180
1981,Illinois,17,6272,9765383
1981,Indiana,18,3015,4646681
1981,Iowa,19,2055,2478229
1981,Kansas,20,1671,2031029
1981,Kentucky,21,2453,3106897
1981,Louisiana,22,1871,3566892
1981,Maine,23,748,972880
1981,Maryland,24,1947,3704178
1981,Massachusetts,25,3921,5074845
1981,Michigan,26,4512,7827691
1981,Minnesota,27,2237,3507552
1981,Mississippi,28,1264,2107899
1981,Missouri,29,3439,4225508
1981,Montana,30,525,669118
1981,Nebraska,31,1045,1337405
1981,Nevada,32,416,729066
1981,New Hampshire,33,535,807647
1981,New Jersey,34,3794,6463617
1981,New Mexico,35,691,1103905
1981,New York,36,10328,15301382
1981,North Carolina,37,3129,5123169
1981,North Dakota,38,369,554011
1981,Ohio,39,5901,9214357
1981,Oklahoma,40,1845,2626229
1981,Oregon,41,1627,2275634
1981,Pennsylvania,42,7689,10338995
1981,Rhode Island,44,560,837005
1981,South Carolina,45,1514,2691876
1981,South Dakota,46,485,578552
1981,Tennessee,47,2784,3960909
1981,Texas,48,6655,12343483
1981,Utah,49,555,1160731
1981,Vermont,50,338,442474
1981,Virginia,51,2972,4706131
1981,Washington,53,2445,3622570
1981,West Virginia,54,1450,1662041
1981,Wisconsin,55,2473,4040660
1981,Wyoming,56,240,402281
1982,Alabama,1,1956,3334224
1982,Arizona,4,1866,2452412
1982,Arkansas,5,1379,1948673
1982,California,6,13537,21277712
1982,Colorado,8,1809,2609502
1982,Connecticut,9,1666,2761313
1982,Delaware,10,288,516345
1982,District of Columbia,11,364,566702
1982,Florida,12,6418,9225425
1982,Georgia,13,2847,4791260
1982,Hawaii,15,398,840060
1982,Idaho,16,566,790288
1982,Illinois,17,5809,9749917
1982,Indiana,18,2814,4644006
1982,Iowa,19,1917,2460061
1982,Kansas,20,1548,2040968
1982,Kentucky,21,2309,3123777
1982,Louisiana,22,1794,3624269
1982,Maine,23,707,976885
1982,Maryland,24,1977,3725463
1982,Massachusetts,25,3663,5084768
1982,Michigan,26,4589,7762642
1982,Minnesota,27,2303,3518210
1982,Mississippi,28,1255,2125382
1982,Missouri,29,3156,4222784
1982,Montana,30,524,675041
1982,Nebraska,31,1068,1338588
1982,Nevada,32,457,756845
1982,New Hampshire,33,532,817720
1982,New Jersey,34,3754,6497743
1982,New Mexico,35,718,1129387
1982,New York,36,9863,15327851
1982,North Carolina,37,3013,5189462
1982,North Dakota,38,333,560998
1982,Ohio,39,5614,9197590
1982,Oklahoma,40,1906,2720828
1982,Oregon,41,1671,2271865
1982,Pennsylvania,42,7258,10335387
1982,Rhode Island,44,493,838366
1982,South Carolina,45,1475,2721508
1982,South Dakota,46,487,578120
1982,Tennessee,47,2555,3984842
1982,Texas,48,6762,12833475
1982,Utah,49,583,1191661
1982,Vermont,50,331,445645
1982,Virginia,51,2760,4753364
1982,Washington,53,2509,3654063
1982,West Virginia,54,1343,1662682
1982,Wisconsin,55,2386,4041251
1982,Wyoming,56,253,413748
1983,Alabama,1,2163,3347733
1983,Arizona,4,1920,2519688
1983,Arkansas,5,1524,1961675
1983,California,6,14544,21682965
1983,Colorado,8,1907,2664022
1983,Connecticut,9,1897,2779547
1983,Delaware,10,299,520736
1983,District of Columbia,11,409,565643
1983,Florida,12,7524,9471778
1983,Georgia,13,3127,4864812
1983,Hawaii,15,427,855243
1983,Idaho,16,647,796571
1983,Illinois,17,6645,9730526
1983,Indiana,18,3275,4634187
1983,Iowa,19,2180,2442505
1983,Kansas,20,1759,2049148
1983,Kentucky,21,2704,3138165
1983,Louisiana,22,2062,3655022
1983,Maine,23,917,983998
1983,Maryland,24,2215,3748414
1983,Massachusetts,25,4189,5108602
1983,Michigan,26,5278,7709559
1983,Minnesota,27,2628,3518713
1983,Mississippi,28,1354,2135050
1983,Missouri,29,3669,4233857
1983,Montana,30,634,681840
1983,Nebraska,31,1206,1338672
1983,Nevada,32,514,773299
1983,New Hampshire,33,609,827269
1983,New Jersey,34,4189,6533639
1983,New Mexico,35,772,1154840
1983,New York,36,11054,15398016
1983,North Carolina,37,3374,5247186
1983,North Dakota,38,391,565965
1983,Ohio,39,6345,9177107
1983,Oklahoma,40,2176,2781985
1983,Oregon,41,1756,2259566
1983,Pennsylvania,42,7828,10322964
1983,Rhode Island,44,592,839789
1983,South Carolina,45,1620,2746356
1983,South Dakota,46,478,578879
1983,Tennessee,47,2793,4002607
1983,Texas,48,7368,13187195
1983,Utah,49,626,1216623
1983,Vermont,50,416,449029
1983,Virginia,51,3139,4816464
1983,Washington,53,2784,3667602
1983,West Virginia,54,1503,1661754
1983,Wisconsin,55,2871,4032715
1983,Wyoming,56,297,414539
1984,Alabama,1,2345,3368164
1984,Arizona,4,2291,2600406
1984,Arkansas,5,1636,1975438
1984,California,6,15943,22052288
1984,Colorado,8,2123,2690240
1984,Connecticut,9,2007,2792648
1984,Delaware,10,296,525285
1984,District of Columbia,11,440,566154
1984,Florida,12,7755,9721441
1984,Georgia,13,3169,4961697
1984,Hawaii,15,448,866961
1984,Idaho,16,600,804292
1984,Illinois,17,7077,9720805
1984,Indiana,18,3172,4644924
1984,Iowa,19,2225,2429903
1984,Kansas,20,1918,2052850
1984,Kentucky,21,2704,3139622
1984,Louisiana,22,2086,3654324
1984,Maine,23,805,993585
1984,Maryland,24,2319,3785478
1984,Massachusetts,25,4387,5141665
1984,Michigan,26,5190,7715234
1984,Minnesota,27,2625,3527248
1984,Mississippi,28,1526,2143739
1984,Missouri,29,3795,4253764
1984,Montana,30,588,685721
1984,Nebraska,31,1102,1340474
1984,Nevada,32,505,793157
1984,New Hampshire,33,564,843419
1984,New Jersey,34,4526,6572579
1984,New Mexico,35,845,1171313
1984,New York,36,11784,15432326
1984,North Carolina,37,3460,5331042
1984,North Dakota,38,420,567763
1984,Ohio,39,6641,9170464
1984,Oklahoma,40,2259,2772678
1984,Oregon,41,1882,2270058
1984,Pennsylvania,42,8359,10297272
1984,Rhode Island,44,588,844436
1984,South Carolina,45,1639,2781017
1984,South Dakota,46,552,581207
1984,Tennessee,47,2943,4029641
1984,Texas,48,8101,13386307
1984,Utah,49,687,1240468
1984,Vermont,50,395,451042
1984,Virginia,51,3260,4885864
1984,Washington,53,2880,3701062
1984,West Virginia,54,1523,1650149
1984,Wisconsin,55,2880,4038562
1984,Wyoming,56,319,409599
1985,Alabama,1,2720,3388437
1985,Arizona,4,2348,2695343
1985,Arkansas,5,1760,1982326
1985,California,6,18300,22516711
1985,Colorado,8,2222,2718791
1985,Connecticut,9,2133,2806414
1985,Delaware,10,376,530197
1985,District of Columbia,11,474,565884
1985,Florida,12,8793,9979581
1985,Georgia,13,3780,5069465
1985,Hawaii,15,488,875861
1985,Idaho,16,648,808586
1985,Illinois,17,7747,9704100
1985,Indiana,18,3683,4649109
1985,Iowa,19,2504,2404566
1985,Kansas,20,1914,2051754
1985,Kentucky,21,3174,3143626
1985,Louisiana,22,2266,3655162
1985,Maine,23,985,999171
1985,Maryland,24,2551,3818865
1985,Massachusetts,25,4765,5168459
1985,Michigan,26,5752,7737227
1985,Minnesota,27,2938,3544644
1985,Mississippi,28,1594,2151718
1985,Missouri,29,4204,4270013
1985,Montana,30,635,685604
1985,Nebraska,31,1417,1335583
1985,Nevada,32,639,814334
1985,New Hampshire,33,704,860025
1985,New Jersey,34,5043,6610831
1985,New Mexico,35,863,1188443
1985,New York,36,12687,15453940
1985,North Carolina,37,4071,5412483
1985,North Dakota,38,437,564203
1985,Ohio,39,7486,9167213
1985,Oklahoma,40,2361,2757517
1985,Oregon,41,2167,2275197
1985,Pennsylvania,42,9244,10249709
1985,Rhode Island,44,698,849437
1985,South Carolina,45,1873,2809020
1985,South Dakota,46,570,581165
1985,Tennessee,47,3515,4059785
1985,Texas,48,8420,13591831
1985,Utah,49,767,1260845
1985,Vermont,50,427,453464
1985,Virginia,51,3589,4942730
1985,Washington,53,3118,3742116
1985,West Virginia,54,1680,1637778
1985,Wisconsin,55,3165,4043541
1985,Wyoming,56,320,405865
1986,Alabama,1,2743,3404273
1986,Arizona,4,2515,2800351
1986,Arkansas,5,1822,1988084
1986,California,6,17706,23027041
1986,Colorado,8,2259,2737075
1986,Connecticut,9,2202,2818706
1986,Delaware,10,410,537250
1986,District of Columbia,11,490,567641
1986,Florida,12,9085,10230429
1986,Georgia,13,3789,5169169
1986,Hawaii,15,495,887678
1986,Idaho,16,653,807335
1986,Illinois,17,8224,9681773
1986,Indiana,18,3946,4646933
1986,Iowa,19,2438,2373497
1986,Kansas,20,2035,2055598
1986,Kentucky,21,3240,3142272
1986,Louisiana,22,2284,3652134
1986,Maine,23,1062,1004393
1986,Maryland,24,2679,3873392
1986,Massachusetts,25,5103,5174076
1986,Michigan,26,6208,7778273
1986,Minnesota,27,2993,3557427
1986,Mississippi,28,1643,2158686
1986,Missouri,29,4173,4284699
1986,Montana,30,658,678811
1986,Nebraska,31,1247,1325638
1986,Nevada,32,640,838746
1986,New Hampshire,33,715,881974
1986,New Jersey,34,5126,6650093
1986,New Mexico,35,978,1208502
1986,New York,36,13630,15470948
1986,North Carolina,37,4304,5466799
1986,North Dakota,38,448,557832
1986,Ohio,39,7740,9161035
1986,Oklahoma,40,2402,2742653
1986,Oregon,41,2017,2285822
1986,Pennsylvania,42,9754,10241808
1986,Rhode Island,44,715,854651
1986,South Carolina,45,1957,2841898
1986,South Dakota,46,534,578442
1986,Tennessee,47,3592,4079847
1986,Texas,48,8440,13806756
1986,Utah,49,831,1282700
1986,Vermont,50,455,456166
1986,Virginia,51,3801,5018097
1986,Washington,53,3160,3783435
1986,West Virginia,54,1798,1620519
1986,Wisconsin,55,3432,4042054
1986,Wyoming,56,328,402665
1987,Alabama,1,2673,3427728
1987,Arizona,4,2592,2904730
1987,Arkansas,5,2012,1998172
1987,California,6,18915,23557274
1987,Colorado,8,2400,2751343
1987,Connecticut,9,2177,2833228
1987,Delaware,10,388,545384
1987,District of Columbia,11,487,565418
1987,Florida,12,9621,10502305
1987,Georgia,13,3762,5273376
1987,Hawaii,15,523,903748
1987,Idaho,16,728,806907
1987,Illinois,17,8046,9686965
1987,Indiana,18,3939,4667723
1987,Iowa,19,2381,2357210
1987,Kansas,20,1936,2064115
1987,Kentucky,21,3003,3146218
1987,Louisiana,22,2367,3602200
1987,Maine,23,942,1016556
1987,Maryland,24,2851,3931230
1987,Massachusetts,25,5094,5189099
1987,Michigan,26,6078,7826709
1987,Minnesota,27,2935,3579985
1987,Mississippi,28,1704,2160366
1987,Missouri,29,4295,4312940
1987,Montana,30,649,672726
1987,Nebraska,31,1347,1319652
1987,Nevada,32,731,874189
1987,New Hampshire,33,691,905504
1987,New Jersey,34,5078,6681024
1987,New Mexico,35,1053,1221423
1987,New York,36,13446,15485638
1987,North Carolina,37,4037,5538657
1987,North Dakota,38,405,551454
1987,Ohio,39,7799,9187107
1987,Oklahoma,40,2477,2706424
1987,Oregon,41,2192,2304112
1987,Pennsylvania,42,9733,10255485
1987,Rhode Island,44,743,863542
1987,South Carolina,45,1898,2876853
1987,South Dakota,46,640,579232
1987,Tennessee,47,3507,4122363
1987,Texas,48,8604,13845420
1987,Utah,49,852,1300869
1987,Vermont,50,469,461025
1987,Virginia,51,3888,5113796
1987,Washington,53,3192,3848048
1987,West Virginia,54,1815,1605234
1987,Wisconsin,55,3467,4057514
1987,Wyoming,56,308,388482
1988,Alabama,1,3076,3437341
1988,Arizona,4,2793,2984319
1988,Arkansas,5,2223,1998607
1988,California,6,20915,24087077
1988,Colorado,8,2547,2750872
1988,Connecticut,9,2366,2847231
1988,Delaware,10,388,554226
1988,District of Columbia,11,530,558982
1988,Florida,12,10237,10738166
1988,Georgia,13,4149,5357339
1988,Hawaii,15,485,914862
1988,Idaho,16,848,811276
1988,Illinois,17,8536,9691984
1988,Indiana,18,4205,4687761
1988,Iowa,19,2759,2363572
1988,Kansas,20,2255,2078560
1988,Kentucky,21,3410,3151969
1988,Louisiana,22,2550,3558245
1988,Maine,23,1027,1033112
1988,Maryland,24,3180,3998032
1988,Massachusetts,25,5304,5217829
1988,Michigan,26,6421,7847293
1988,Minnesota,27,3185,3629393
1988,Mississippi,28,1799,2159329
1988,Missouri,29,4664,4333920
1988,Montana,30,701,670262
1988,Nebraska,31,1486,1324801
1988,Nevada,32,912,915327
1988,New Hampshire,33,753,926230
1988,New Jersey,34,5508,6703378
1988,New Mexico,35,947,1229689
1988,New York,36,14336,15529013
1988,North Carolina,37,4698,5601016
1988,North Dakota,38,477,548699
1988,Ohio,39,8392,9218933
1988,Oklahoma,40,2691,2673883
1988,Oregon,41,2337,2342340
1988,Pennsylvania,42,10188,10273717
1988,Rhode Island,44,696,867905
1988,South Carolina,45,2091,2902806
1988,South Dakota,46,591,581538
1988,Tennessee,47,3896,4152578
1988,Texas,48,9462,13870430
1988,Utah,49,891,1319967
1988,Vermont,50,493,469030
1988,Virginia,51,3973,5196542
1988,Washington,53,3560,3937198
1988,West Virginia,54,1891,1587114
1988,Wisconsin,55,3889,4095270
1988,Wyoming,56,376,381549
1989,Alabama,1,3109,3445217
1989,Arizona,4,2970,3049605
1989,Arkansas,5,2056,2002596
1989,California,6,21963,24673506
1989,Colorado,8,2472,2764482
1989,Connecticut,9,2419,2849162
1989,Delaware,10,450,563116
1989,District of Columbia,11,513,552069
1989,Florida,12,10298,11007702
1989,Georgia,13,4333,5431206
1989,Hawaii,15,606,928696
1989,Idaho,16,776,822246
1989,Illinois,17,8925,9708141
1989,Indiana,18,4145,4711889
1989,Iowa,19,2624,2365853
1989,Kansas,20,2115,2085780
1989,Kentucky,21,3344,3155750
1989,Louisiana,22,2543,3537480
1989,Maine,23,953,1046196
1989,Maryland,24,3055,4046429
1989,Massachusetts,25,4777,5231678
1989,Michigan,26,6281,7865616
1989,Minnesota,27,3045,3661392
1989,Mississippi,28,1842,2159850
1989,Missouri,29,4631,4345752
1989,Montana,30,702,671905
1989,Nebraska,31,1436,1327093
1989,Nevada,32,877,968656
1989,New Hampshire,33,733,942094
1989,New Jersey,34,5500,6698432
1989,New Mexico,35,1076,1242646
1989,New York,36,14498,15537406
1989,North Carolina,37,4492,5670708
1989,North Dakota,38,444,542956
1989,Ohio,39,8223,9239767
1989,Oklahoma,40,2776,2669329
1989,Oregon,41,2397,2383671
1989,Pennsylvania,42,10278,10277546
1989,Rhode Island,44,684,870253
1989,South Carolina,45,2134,2941203
1989,South Dakota,46,534,580970
1989,Tennessee,47,3753,4179904
1989,Texas,48,9763,14023635
1989,Utah,49,844,1345127
1989,Vermont,50,453,475778
1989,Virginia,51,3866,5259326
1989,Washington,53,3585,4022664
1989,West Virginia,54,1810,1572395
1989,Wisconsin,55,3624,4120562
1989,Wyoming,56,353,379440
1990,Alabama,1,3207,3457689
1990,Arizona,4,3096,3084289
1990,Arkansas,5,2228,2007986
1990,California,6,21165,25077669
1990,Colorado,8,2500,2785049
1990,Connecticut,9,2471,2845755
1990,Delaware,10,451,569498
1990,District of Columbia,11,452,536601
1990,Florida,12,10738,11255598
1990,Georgia,13,4302,5489289
1990,Hawaii,15,603,942101
1990,Idaho,16,783,835371
1990,Illinois,17,8972,9729516
1990,Indiana,18,4310,4729705
1990,Iowa,19,2676,2372552
1990,Kansas,20,2169,2091151
1990,Kentucky,21,3389,3165294
1990,Louisiana,22,2669,3520354
1990,Maine,23,1086,1052471
1990,Maryland,24,3085,4085414
1990,Massachusetts,25,5001,5218455
1990,Michigan,26,6645,7891581
1990,Minnesota,27,3317,3689079
1990,Mississippi,28,2024,2161767
1990,Missouri,29,4754,4364122
1990,Montana,30,725,673639
1990,Nebraska,31,1583,1331168
1990,Nevada,32,906,1022276
1990,New Hampshire,33,736,943061
1990,New Jersey,34,5532,6692324
1990,New Mexico,35,1004,1255199
1990,New York,36,14730,15524032
1990,North Carolina,37,4709,5721531
1990,North Dakota,38,466,538423
1990,Ohio,39,8360,9257367
1990,Oklahoma,40,3002,2671361
1990,Oregon,41,2510,2427770
1990,Pennsylvania,42,10348,10284707
1990,Rhode Island,44,752,871453
1990,South Carolina,45,2225,2968244
1990,South Dakota,46,566,582008
1990,Tennessee,47,4050,4200556
1990,Texas,48,10667,14175197
1990,Utah,49,859,1367196
1990,Vermont,50,486,479214
1990,Virginia,51,4140,5313828
1990,Washington,53,3741,4122412
1990,West Virginia,54,1954,1565043
1990,Wisconsin,55,3803,4150881
1990,Wyoming,56,357,377644
1991,Alabama,1,3497,3521617
1991,Arizona,4,3191,3185587
1991,Arkansas,5,2279,2042291
1991,California,6,21289,25504215
1991,Colorado,8,2729,2864305
1991,Connecticut,9,2442,2850523
1991,Delaware,10,476,583479
1991,District of Columbia,11,424,529593
1991,Florida,12,11177,11590380
1991,Georgia,13,4693,5644959
1991,Hawaii,15,654,967946
1991,Idaho,16,854,870126
1991,Illinois,17,9120,9857639
1991,Indiana,18,4560,4813941
1991,Iowa,19,2717,2399176
1991,Kansas,20,2147,2114593
1991,Kentucky,21,3601,3209587
1991,Louisiana,22,2789,3570874
1991,Maine,23,1034,1062643
1991,Maryland,24,3139,4145568
1991,Massachusetts,25,5169,5204485
1991,Michigan,26,6700,7987672
1991,Minnesota,27,3442,3754328
1991,Mississippi,28,1927,2198717
1991,Missouri,29,4667,4418463
1991,Montana,30,755,685533
1991,Nebraska,31,1498,1350814
1991,Nevada,32,976,1101158
1991,New Hampshire,33,770,943770
1991,New Jersey,34,5406,6745412
1991,New Mexico,35,1134,1291560
1991,New York,36,14019,15593128
1991,North Carolina,37,4944,5856481
1991,North Dakota,38,510,539926
1991,Ohio,39,8674,9366248
1991,Oklahoma,40,2878,2701546
1991,Oregon,41,2407,2505625
1991,Pennsylvania,42,10514,10373254
1991,Rhode Island,44,764,876450
1991,South Carolina,45,2294,3046625
1991,South Dakota,46,683,590860
1991,Tennessee,47,4077,4284653
1991,Texas,48,10629,14524051
1991,Utah,49,930,1430026
1991,Vermont,50,441,484881
1991,Virginia,51,4416,5406282
1991,Washington,53,3708,4256087
1991,West Virginia,54,2065,1578250
1991,Wisconsin,55,3982,4222742
1991,Wyoming,56,369,385030
1992,Alabama,1,3101,3571661
1992,Arizona,4,3151,3300962
1992,Arkansas,5,2108,2070430
1992,California,6,21689,25905495
1992,Colorado,8,2661,2963026
1992,Connecticut,9,2641,2841829
1992,Delaware,10,538,593655
1992,District of Columbia,11,480,524487
1992,Florida,12,11725,11836436
1992,Georgia,13,4530,5787629
1992,Hawaii,15,563,986728
1992,Idaho,16,848,899036
1992,Illinois,17,8595,9965401
1992,Indiana,18,4509,4871091
1992,Iowa,19,2566,2426137
1992,Kansas,20,2067,2149789
1992,Kentucky,21,3533,3248524
1992,Louisiana,22,2714,3611186
1992,Maine,23,1095,1065296
1992,Maryland,24,3082,4189281
1992,Massachusetts,25,5282,5205799
1992,Michigan,26,6602,8062139
1992,Minnesota,27,3272,3808071
1992,Mississippi,28,1964,2220263
1992,Missouri,29,4750,4462497
1992,Montana,30,815,700800
1992,Nebraska,31,1410,1369560
1992,Nevada,32,1018,1150248
1992,New Hampshire,33,811,950069
1992,New Jersey,34,5408,6784673
1992,New Mexico,35,1022,1328399
1992,New York,36,13331,15662224
1992,North Carolina,37,5079,5948095
1992,North Dakota,38,493,544342
1992,Ohio,39,8608,9442393
1992,Oklahoma,40,2983,2745458
1992,Oregon,41,2378,2564660
1992,Pennsylvania,42,10752,10425086
1992,Rhode Island,44,765,876765
1992,South Carolina,45,2439,3091531
1992,South Dakota,46,616,599365
1992,Tennessee,47,4166,4354583
1992,Texas,48,10501,14845339
1992,Utah,49,951,1487941
1992,Vermont,50,492,489179
1992,Virginia,51,4476,5504254
1992,Washington,53,3838,4379122
1992,West Virginia,54,1986,1587192
1992,Wisconsin,55,3712,4286143
1992,Wyoming,56,369,393428
1993,Alabama,1,3581,3625792
1993,Arizona,4,3621,3431674
1993,Arkansas,5,2454,2110076
1993,California,6,23049,26108821
1993,Colorado,8,2827,3075003
1993,Connecticut,9,2630,2842893
1993,Delaware,10,530,604307
1993,District of Columbia,11,450,520646
1993,Florida,12,12636,12069126
1993,Georgia,13,5017,5925254
1993,Hawaii,15,684,998390
1993,Idaho,16,996,933493
1993,Illinois,17,9598,10068712
1993,Indiana,18,4934,4932906
1993,Iowa,19,2860,2447870
1993,Kansas,20,2390,2175951
1993,Kentucky,21,3865,3293034
1993,Louisiana,22,2837,3641563
1993,Maine,23,1125,1070963
1993,Maryland,24,3258,4227559
1993,Massachusetts,25,5900,5224404
1993,Michigan,26,7330,8116925
1993,Minnesota,27,3693,3871031
1993,Mississippi,28,2222,2250813
1993,Missouri,29,5370,4514660
1993,Montana,30,841,719607
1993,Nebraska,31,1562,1385265
1993,Nevada,32,1195,1200974
1993,New Hampshire,33,819,961111
1993,New Jersey,34,5951,6828898
1993,New Mexico,35,1198,1364345
1993,New York,36,14346,15748837
1993,North Carolina,37,5861,6072228
1993,North Dakota,38,491,549112
1993,Ohio,39,9295,9513527
1993,Oklahoma,40,3325,2778674
1993,Oregon,41,2894,2633257
1993,Pennsylvania,42,11403,10485840
1993,Rhode Island,44,885,877026
1993,South Carolina,45,2586,3130908
1993,South Dakota,46,705,609915
1993,Tennessee,47,4542,4429493
1993,Texas,48,11207,15205730
1993,Utah,49,1023,1546762
1993,Vermont,50,508,494416
1993,Virginia,51,4773,5590790
1993,Washington,53,4237,4494053
1993,West Virginia,54,2132,1598556
1993,Wisconsin,55,4188,4351776
1993,Wyoming,56,411,401745
1994,Alabama,1,3759,3665996
1994,Arizona,4,3493,3599423
1994,Arkansas,5,2487,2143230
1994,California,6,23141,26235415
1994,Colorado,8,2765,3180798
1994,Connecticut,9,2766,2844947
1994,Delaware,10,551,613960
1994,District of Columbia,11,457,513226
1994,Florida,12,12894,12344901
1994,Georgia,13,5263,6083782
1994,Hawaii,15,611,1010559
1994,Idaho,16,967,965498
1994,Illinois,17,9481,10149590
1994,Indiana,18,4855,4978374
1994,Iowa,19,2857,2464755
1994,Kansas,20,2368,2200818
1994,Kentucky,21,3861,3323683
1994,Louisiana,22,3032,3673344
1994,Maine,23,1124,1073134
1994,Maryland,24,3390,4273051
1994,Massachusetts,25,5726,5249843
1994,Michigan,26,7203,8172322
1994,Minnesota,27,3457,3927334
1994,Mississippi,28,2195,2281149
1994,Missouri,29,5460,4566792
1994,Montana,30,875,736770
1994,Nebraska,31,1554,1399645
1994,Nevada,32,1229,1277240
1994,New Hampshire,33,867,973084
1994,New Jersey,34,5721,6870133
1994,New Mexico,35,1228,1407783
1994,New York,36,13699,15795377
1994,North Carolina,37,5573,6192730
1994,North Dakota,38,490,554047
1994,Ohio,39,9305,9560312
1994,Oklahoma,40,3331,2807307
1994,Oregon,41,2619,2689409
1994,Pennsylvania,42,11549,10527266
1994,Rhode Island,44,791,877424
1994,South Carolina,45,2604,3167145
1994,South Dakota,46,643,619854
1994,Tennessee,47,4803,4509437
1994,Texas,48,11736,15558260
1994,Utah,49,1057,1604718
1994,Vermont,50,490,500472
1994,Virginia,51,4662,5664569
1994,Washington,53,4121,4585788
1994,West Virginia,54,2086,1602271
1994,Wisconsin,55,4196,4403143
1994,Wyoming,56,445,410028
1995,Alabama,1,3559,3695745
1995,Arizona,4,3645,3759084
1995,Arkansas,5,2421,2177415
1995,California,6,23245,26397307
1995,Colorado,8,2895,3278466
1995,Connecticut,9,2713,2851402
1995,Delaware,10,551,626484
1995,District of Columbia,11,439,503641
1995,Florida,12,13325,12622667
1995,Georgia,13,5253,6233850
1995,Hawaii,15,714,1019194
1995,Idaho,16,866,995545
1995,Illinois,17,9609,10225976
1995,Indiana,18,4859,5028909
1995,Iowa,19,2936,2484995
1995,Kansas,20,2346,2224936
1995,Kentucky,21,3767,3359628
1995,Louisiana,22,2940,3709128
1995,Maine,23,1159,1077771
1995,Maryland,24,3557,4314980
1995,Massachusetts,25,5891,5292743
1995,Michigan,26,7460,8246710
1995,Minnesota,27,3618,3982688
1995,Mississippi,28,2301,2313497
1995,Missouri,29,5362,4617952
1995,Montana,30,901,754211
1995,Nebraska,31,1586,1419154
1995,Nevada,32,1297,1349110
1995,New Hampshire,33,819,988908
1995,New Jersey,34,6128,6923650
1995,New Mexico,35,1258,1444702
1995,New York,36,14088,15841353
1995,North Carolina,37,6102,6331128
1995,North Dakota,38,511,558747
1995,Ohio,39,9605,9616880
1995,Oklahoma,40,3346,2834999
1995,Oregon,41,2653,2747789
1995,Pennsylvania,42,11618,10566989
1995,Rhode Island,44,845,878500
1995,South Carolina,45,2901,3208598
1995,South Dakota,46,689,628751
1995,Tennessee,47,4695,4594163
1995,Texas,48,11659,15918764
1995,Utah,49,1093,1654445
1995,Vermont,50,483,506667
1995,Virginia,51,4952,5735645
1995,Washington,53,4188,4688735
1995,West Virginia,54,2081,1604165
1995,Wisconsin,55,4150,4461947
1995,Wyoming,56,448,416488
1996,Alabama,1,3638,3729683
1996,Arizona,4,3862,3892836
1996,Arkansas,5,2442,2208558
1996,California,6,24594,26669801
1996,Colorado,8,2982,3365657
1996,Connecticut,9,2764,2866117
1996,Delaware,10,569,637297
1996,District of Columbia,11,449,497273
1996,Florida,12,13636,12920009
1996,Georgia,13,5470,6384914
1996,Hawaii,15,710,1026728
1996,Idaho,16,908,1018696
1996,Illinois,17,9663,10303315
1996,Indiana,18,5052,5078587
1996,Iowa,19,2833,2497489
1996,Kansas,20,2348,2240363
1996,Kentucky,21,3795,3388448
1996,Louisiana,22,2972,3736406
1996,Maine,23,1231,1086276
1996,Maryland,24,3780,4363093
1996,Massachusetts,25,6122,5330391
1996,Michigan,26,7610,8329822
1996,Minnesota,27,3387,4038759
1996,Mississippi,28,2241,2337889
1996,Missouri,29,5440,4667869
1996,Montana,30,897,765799
1996,Nebraska,31,1549,1436056
1996,Nevada,32,1400,1421667
1996,New Hampshire,33,843,1007470
1996,New Jersey,34,6145,6983737
1996,New Mexico,35,1242,1477234
1996,New York,36,14041,15908912
1996,North Carolina,37,6372,6468271
1996,North Dakota,38,601,563212
1996,Ohio,39,9824,9662410
1996,Oklahoma,40,3337,2867647
1996,Oregon,41,2935,2807333
1996,Pennsylvania,42,11995,10606416
1996,Rhode Island,44,833,883293
1996,South Carolina,45,3051,3251399
1996,South Dakota,46,655,635010
1996,Tennessee,47,4739,4676822
1996,Texas,48,12096,16241408
1996,Utah,49,1057,1701360
1996,Vermont,50,478,512690
1996,Virginia,51,4995,5813664
1996,Washington,53,4341,4772948
1996,West Virginia,54,2090,1605035
1996,Wisconsin,55,4355,4514453
1996,Wyoming,56,403,420550
1997,Alabama,1,3870,3759414
1997,Arizona,4,4148,4032766
1997,Arkansas,5,2697,2235680
1997,California,6,26216,27150032
1997,Colorado,8,2935,3452305
1997,Connecticut,9,2938,2881420
1997,Delaware,10,627,646907
1997,District of Columbia,11,431,493862
1997,Florida,12,14225,13231657
1997,Georgia,13,5555,6547346
1997,Hawaii,15,751,1036875
1997,Idaho,16,1009,1040915
1997,Illinois,17,9374,10373841
1997,Indiana,18,5211,5113953
1997,Iowa,19,2856,2507505
1997,Kansas,20,2625,2258169
1997,Kentucky,21,3836,3409979
1997,Louisiana,22,3111,3761741
1997,Maine,23,1290,1095155
1997,Maryland,24,3920,4406168
1997,Massachusetts,25,5979,5379257
1997,Michigan,26,7474,8377859
1997,Minnesota,27,3401,4086901
1997,Mississippi,28,2528,2361823
1997,Missouri,29,5604,4713810
1997,Montana,30,944,771586
1997,Nebraska,31,1572,1447467
1997,Nevada,32,1424,1506052
1997,New Hampshire,33,954,1022851
1997,New Jersey,34,6109,7052648
1997,New Mexico,35,1368,1497581
1997,New York,36,14180,15993337
1997,North Carolina,37,6594,6603253
1997,North Dakota,38,538,563827
1997,Ohio,39,10141,9691957
1997,Oklahoma,40,3491,2896562
1997,Oregon,41,2888,2857317
1997,Pennsylvania,42,11984,10624390
1997,Rhode Island,44,858,888031
1997,South Carolina,45,2978,3308313
1997,South Dakota,46,681,637304
1997,Tennessee,47,5189,4751128
1997,Texas,48,13149,16590647
1997,Utah,49,1154,1741471
1997,Vermont,50,562,518276
1997,Virginia,51,5388,5886406
1997,Washington,53,4567,4868863
1997,West Virginia,54,2269,1602096
1997,Wisconsin,55,4359,4552184
1997,Wyoming,56,451,422664
1998,Alabama,1,4140,3796519
1998,Arizona,4,4338,4151329
1998,Arkansas,5,2752,2257061
1998,California,6,28026,27686779
1998,Colorado,8,3272,3533683
1998,Connecticut,9,2992,2896588
1998,Delaware,10,686,657634
1998,District of Columbia,11,456,495178
1998,Florida,12,14541,13516227
1998,Georgia,13,5915,6699328
1998,Hawaii,15,793,1044313
1998,Idaho,16,1045,1060296
1998,Illinois,17,9994,10461856
1998,Indiana,18,5438,5147054
1998,Iowa,19,3198,2516921
1998,Kansas,20,2546,2279226
1998,Kentucky,21,4043,3442284
1998,Louisiana,22,3179,3782359
1998,Maine,23,1410,1101285
1998,Maryland,24,4010,4451277
1998,Massachusetts,25,6500,5426977
1998,Michigan,26,8065,8418468
1998,Minnesota,27,3705,4131805
1998,Mississippi,28,2615,2387277
1998,Missouri,29,5926,4749282
1998,Montana,30,994,774654
1998,Nebraska,31,1628,1455750
1998,Nevada,32,1537,1580075
1998,New Hampshire,33,1008,1039051
1998,New Jersey,34,6076,7121942
1998,New Mexico,35,1408,1517607
1998,New York,36,14905,16127351
1998,North Carolina,37,7023,6737712
1998,North Dakota,38,614,562787
1998,Ohio,39,10751,9727981
1998,Oklahoma,40,3559,2923765
1998,Oregon,41,3023,2899941
1998,Pennsylvania,42,12419,10654556
1998,Rhode Island,44,947,895472
1998,South Carolina,45,3219,3366168
1998,South Dakota,46,671,639605
1998,Tennessee,47,5662,4813415
1998,Texas,48,13185,16946811
1998,Utah,49,1170,1776514
1998,Vermont,50,559,523288
1998,Virginia,51,5539,5949626
1998,Washington,53,4714,4953400
1998,West Virginia,54,2246,1599248
1998,Wisconsin,55,4596,4582318
1998,Wyoming,56,443,424435
1999,Alabama,1,4326,3819452
1999,Arizona,4,4453,4267264
1999,Arkansas,5,2558,2282606
1999,California,6,20067,28238169
1999,Colorado,8,3226,3629890
1999,Connecticut,9,2995,2918199
1999,Delaware,10,626,668153
1999,District of Columbia,11,371,500719
1999,Florida,12,15147,13780545
1999,Georgia,13,6121,6853980
1999,Hawaii,15,712,1043564
1999,Idaho,16,1030,1079759
1999,Illinois,17,10179,10547092
1999,Indiana,18,5346,5183649
1999,Iowa,19,3211,2528466
1999,Kansas,20,2526,2294969
1999,Kentucky,21,4289,3473274
1999,Louisiana,22,3233,3804013
1999,Maine,23,1274,1111672
1999,Maryland,24,3888,4505483
1999,Massachusetts,25,6183,5482124
1999,Michigan,26,8051,8472541
1999,Minnesota,27,3696,4189664
1999,Mississippi,28,2539,2407741
1999,Missouri,29,5744,4791492
1999,Montana,30,971,780200
1999,Nebraska,31,1747,1464306
1999,Nevada,32,1567,1648592
1999,New Hampshire,33,944,1056828
1999,New Jersey,34,6437,7192280
1999,New Mexico,35,1458,1533775
1999,New York,36,14601,16273225
1999,North Carolina,37,6794,6861140
1999,North Dakota,38,544,560835
1999,Ohio,39,10397,9757706
1999,Oklahoma,40,3372,2955762
1999,Oregon,41,2888,2938147
1999,Pennsylvania,42,12164,10693148
1999,Rhode Island,44,938,903506
1999,South Carolina,45,3316,3423503
1999,South Dakota,46,677,644422
1999,Tennessee,47,5295,4873586
1999,Texas,48,13442,17300741
1999,Utah,49,1175,1806208
1999,Vermont,50,529,528827
1999,Virginia,51,5517,6045720
1999,Washington,53,4704,5022582
1999,West Virginia,54,2227,1597261
1999,Wisconsin,55,4460,4613712
1999,Wyoming,56,535,426010
2000,Alabama,1,4068,3834992
2000,Arizona,4,4348,4358211
2000,Arkansas,5,2758,2303325
2000,California,6,23885,28658545
2000,Colorado,8,2937,3694304
2000,Connecticut,9,3155,2938043
2000,Delaware,10,720,676241
2000,District of Columbia,11,362,504138
2000,Florida,12,14744,14004075
2000,Georgia,13,6270,6973473
2000,Hawaii,15,706,1048348
2000,Idaho,16,1030,1094854
2000,Illinois,17,9562,10611426
2000,Indiana,18,5395,5212825
2000,Iowa,19,3023,2533736
2000,Kansas,20,2634,2302551
2000,Kentucky,21,4099,3494566
2000,Louisiana,22,3323,3813816
2000,Maine,23,1341,1120920
2000,Maryland,24,3858,4551567
2000,Massachusetts,25,6646,5520887
2000,Michigan,26,7759,8520055
2000,Minnesota,27,3332,4232785
2000,Mississippi,28,2537,2421983
2000,Missouri,29,5479,4824637
2000,Montana,30,855,784472
2000,Nebraska,31,1536,1469362
2000,Nevada,32,1528,1702807
2000,New Hampshire,33,915,1071433
2000,New Jersey,34,6373,7245998
2000,New Mexico,35,1286,1546658
2000,New York,36,13956,16384455
2000,North Carolina,37,7104,6946145
2000,North Dakota,38,556,559077
2000,Ohio,39,10411,9780546
2000,Oklahoma,40,3464,2968824
2000,Oregon,41,2754,2963561
2000,Pennsylvania,42,12314,10724220
2000,Rhode Island,44,1013,912495
2000,South Carolina,45,3108,3461563
2000,South Dakota,46,710,648223
2000,Tennessee,47,5474,4917174
2000,Texas,48,13623,17568751
2000,Utah,49,1131,1830361
2000,Vermont,50,529,533537
2000,Virginia,51,5571,6119461
2000,Washington,53,4521,5073602
2000,West Virginia,54,2302,1594490
2000,Wisconsin,55,4334,4640725
2000,Wyoming,56,469,428390
2001,Alabama,1,4217,3863484
2001,Arizona,4,4375,4491134
2001,Arkansas,5,2606,2325347
2001,California,6,23964,29319026
2001,Colorado,8,3069,3808239
2001,Connecticut,9,3121,2972589
2001,Delaware,10,638,689425
2001,District of Columbia,11,310,508278
2001,Florida,12,15099,14370508
2001,Georgia,13,5968,7150833
2001,Hawaii,15,727,1065760
2001,Idaho,16,1016,1119557
2001,Illinois,17,9322,10702790
2001,Indiana,18,5384,5264631
2001,Iowa,19,2959,2545876
2001,Kansas,20,2465,2320684
2001,Kentucky,21,4192,3526521
2001,Louisiana,22,3413,3835627
2001,Maine,23,1326,1134567
2001,Maryland,24,3667,4637992
2001,Massachusetts,25,6118,5581513
2001,Michigan,26,7627,8597455
2001,Minnesota,27,3446,4299312
2001,Mississippi,28,2585,2437637
2001,Missouri,29,5499,4880088
2001,Montana,30,949,792471
2001,Nebraska,31,1492,1481196
2001,Nevada,32,1726,1794136
2001,New Hampshire,33,1000,1092880
2001,New Jersey,34,6168,7334443
2001,New Mexico,35,1417,1565633
2001,New York,36,14051,16545912
2001,North Carolina,37,6837,7098841
2001,North Dakota,38,560,559440
2001,Ohio,39,10239,9838826
2001,Oklahoma,40,3419,2991686
2001,Oregon,41,2803,3013112
2001,Pennsylvania,42,11613,10774944
2001,Rhode Island,44,983,923618
2001,South Carolina,45,3290,3518800
2001,South Dakota,46,646,653469
2001,Tennessee,47,5504,4982782
2001,Texas,48,13862,18004267
2001,Utah,49,1197,1875222
2001,Vermont,50,540,539133
2001,Virginia,51,5638,6243993
2001,Washington,53,4560,5172187
2001,West Virginia,54,2234,1593202
2001,Wisconsin,55,4380,4692104
2001,Wyoming,56,456,430980
2002,Alabama,1,4454,3881411
2002,Arizona,4,4544,4602380
2002,Arkansas,5,2755,2340380
2002,California,6,23535,29771946
2002,Colorado,8,3184,3868491
2002,Connecticut,9,3096,3003361
2002,Delaware,10,668,700365
2002,District of Columbia,11,288,508581
2002,Florida,12,15024,14684965
2002,Georgia,13,6325,7268872
2002,Hawaii,15,801,1080599
2002,Idaho,16,1049,1137742
2002,Illinois,17,9710,10757530
2002,Indiana,18,5529,5296930
2002,Iowa,19,3032,2551871
2002,Kansas,20,2563,2332659
2002,Kentucky,21,4451,3550280
2002,Louisiana,22,3296,3859947
2002,Maine,23,1362,1146906
2002,Maryland,24,3859,4708332
2002,Massachusetts,25,6278,5612247
2002,Michigan,26,7831,8644122
2002,Minnesota,27,3503,4339522
2002,Mississippi,28,2677,2447723
2002,Missouri,29,5482,4918731
2002,Montana,30,1007,798531
2002,Nebraska,31,1668,1489649
2002,Nevada,32,1820,1862579
2002,New Hampshire,33,1008,1107938
2002,New Jersey,34,6195,7399875
2002,New Mexico,35,1461,1590440
2002,New York,36,14457,16644837
2002,North Carolina,37,7125,7207136
2002,North Dakota,38,596,560043
2002,Ohio,39,10485,9879551
2002,Oklahoma,40,3463,3013629
2002,Oregon,41,2992,3059483
2002,Pennsylvania,42,12010,10828451
2002,Rhode Island,44,989,933897
2002,South Carolina,45,3509,3562547
2002,South Dakota,46,724,656504
2002,Tennessee,47,5710,5029003
2002,Texas,48,13894,18340249
2002,Utah,49,1283,1909464
2002,Vermont,50,494,543969
2002,Virginia,51,5587,6330703
2002,Washington,53,4538,5245093
2002,West Virginia,54,2132,1598672
2002,Wisconsin,55,4363,4734506
2002,Wyoming,56,518,435988
2003,Alabama,1,4482,3909139
2003,Arizona,4,4493,4704405
2003,Arkansas,5,2928,2358180
2003,California,6,24428,30186910
2003,Colorado,8,3296,3903679
2003,Connecticut,9,3073,3032847
2003,Delaware,10,609,712416
2003,District of Columbia,11,299,506909
2003,Florida,12,14869,14983537
2003,Georgia,13,6387,7372365
2003,Hawaii,15,780,1092866
2003,Idaho,16,1082,1157957
2003,Illinois,17,9592,10805529
2003,Indiana,18,5739,5338877
2003,Iowa,19,3253,2560536
2003,Kansas,20,2624,2341585
2003,Kentucky,21,4229,3576258
2003,Louisiana,22,3370,3886575
2003,Maine,23,1380,1158526
2003,Maryland,24,3986,4767046
2003,Massachusetts,25,6175,5630576
2003,Michigan,26,7818,8686925
2003,Minnesota,27,3278,4375742
2003,Mississippi,28,2715,2460862
2003,Missouri,29,5536,4956518
2003,Montana,30,1008,806569
2003,Nebraska,31,1638,1498664
2003,Nevada,32,1871,1931170
2003,New Hampshire,33,886,1120797
2003,New Jersey,34,6055,7452861
2003,New Mexico,35,1510,1614058
2003,New York,36,14126,16725534
2003,North Carolina,37,7496,7294936
2003,North Dakota,38,605,561417
2003,Ohio,39,10232,9921497
2003,Oklahoma,40,3671,3028435
2003,Oregon,41,2918,3094416
2003,Pennsylvania,42,12114,10888086
2003,Rhode Island,44,940,940537
2003,South Carolina,45,3612,3605509
2003,South Dakota,46,706,660285
2003,Tennessee,47,5838,5077537
2003,Texas,48,13635,18641616
2003,Utah,49,1273,1936918
2003,Vermont,50,495,547521
2003,Virginia,51,5835,6408582
2003,Washington,53,4629,5301914
2003,West Virginia,54,2259,1605763
2003,Wisconsin,55,4241,4771933
2003,Wyoming,56,482,439257
2004,Alabama,1,4259,3937205
2004,Arizona,4,4210,4829128
2004,Arkansas,5,2658,2379314
2004,California,6,22852,30546727
2004,Colorado,8,3135,3947142
2004,Connecticut,9,3040,3049555
2004,Delaware,10,636,724601
2004,District of Columbia,11,340,508163
2004,Florida,12,14826,15362095
2004,Georgia,13,6043,7503035
2004,Hawaii,15,767,1114022
2004,Idaho,16,979,1181803
2004,Illinois,17,9406,10855802
2004,Indiana,18,5428,5374159
2004,Iowa,19,2965,2571883
2004,Kansas,20,2364,2352457
2004,Kentucky,21,4036,3604819
2004,Louisiana,22,3243,3918660
2004,Maine,23,1342,1166080
2004,Maryland,24,3830,4818438
2004,Massachusetts,25,5993,5633023
2004,Michigan,26,7724,8715503
2004,Minnesota,27,3264,4407671
2004,Mississippi,28,2512,2480512
2004,Missouri,29,5135,4994348
2004,Montana,30,916,816233
2004,Nebraska,31,1496,1506974
2004,Nevada,32,1826,2017489
2004,New Hampshire,33,1056,1132774
2004,New Jersey,34,5889,7491282
2004,New Mexico,35,1312,1639199
2004,New York,36,14353,16761597
2004,North Carolina,37,7005,7414695
2004,North Dakota,38,511,567197
2004,Ohio,39,10141,9949167
2004,Oklahoma,40,3374,3047758
2004,Oregon,41,2851,3118471
2004,Pennsylvania,42,12065,10933642
2004,Rhode Island,44,891,945590
2004,South Carolina,45,3338,3663134
2004,South Dakota,46,674,666111
2004,Tennessee,47,5530,5136190
2004,Texas,48,13338,18961116
2004,Utah,49,1222,1967465
2004,Vermont,50,476,550528
2004,Virginia,51,5487,6506485
2004,Washington,53,4144,5372322
2004,West Virginia,54,2164,1609321
2004,Wisconsin,55,4261,4806801
2004,Wyoming,56,492,444487
2005,Alabama,1,4365,3974914
2005,Arizona,4,4863,4990078
2005,Arkansas,5,2926,2405240
2005,California,6,23618,30845415
2005,Colorado,8,3208,3996157
2005,Connecticut,9,3191,3066938
2005,Delaware,10,712,737879
2005,District of Columbia,11,303,509081
2005,Florida,12,14855,15747561
2005,Georgia,13,6410,7634815
2005,Hawaii,15,801,1132986
2005,Idaho,16,1223,1211131
2005,Illinois,17,10081,10894679
2005,Indiana,18,5955,5416357
2005,Iowa,19,3154,2581791
2005,Kansas,20,2746,2362486
2005,Kentucky,21,4395,3638965
2005,Louisiana,22,3688,3943042
2005,Maine,23,1461,1171869
2005,Maryland,24,3953,4866648
2005,Massachusetts,25,5951,5637477
2005,Michigan,26,7876,8729443
2005,Minnesota,27,3444,4437343
2005,Mississippi,28,2673,2497218
2005,Missouri,29,5583,5033763
2005,Montana,30,954,825540
2005,Nebraska,31,1644,1517205
2005,Nevada,32,1992,2092984
2005,New Hampshire,33,1087,1142702
2005,New Jersey,34,6103,7520463
2005,New Mexico,35,1486,1665072
2005,New York,36,14429,16771102
2005,North Carolina,37,7598,7546914
2005,North Dakota,38,560,568453
2005,Ohio,39,11126,9971561
2005,Oklahoma,40,3938,3066084
2005,Oregon,41,2948,3160036
2005,Pennsylvania,42,12241,10981711
2005,Rhode Island,44,954,942162
2005,South Carolina,45,3488,3717077
2005,South Dakota,46,803,670030
2005,Tennessee,47,5780,5208616
2005,Texas,48,14322,19293001
2005,Utah,49,1181,2012236
2005,Vermont,50,584,552914
2005,Virginia,51,5787,6600456
2005,Washington,53,4575,5448749
2005,West Virginia,54,2295,1613459
2005,Wisconsin,55,4516,4839337
2005,Wyoming,56,482,448416
2006,Alabama,1,4104,4028178
2006,Arizona,4,4695,5152356
2006,Arkansas,5,2746,2439974
2006,California,6,23167,31073407
2006,Colorado,8,3195,4071963
2006,Connecticut,9,2967,3082398
2006,Delaware,10,632,750976
2006,District of Columbia,11,262,513356
2006,Florida,12,13974,16037900
2006,Georgia,13,6351,7832947
2006,Hawaii,15,807,1149165
2006,Idaho,16,1062,1244106
2006,Illinois,17,9485,10942193
2006,Indiana,18,5608,5465613
2006,Iowa,19,3005,2595518
2006,Kansas,20,2604,2378391
2006,Kentucky,21,4182,3670738
2006,Louisiana,22,3211,3725787
2006,Maine,23,1342,1177263
2006,Maryland,24,3728,4903552
2006,Massachusetts,25,5586,5652624
2006,Michigan,26,7614,8730763
2006,Minnesota,27,3065,4476057
2006,Mississippi,28,2558,2498878
2006,Missouri,29,5286,5080299
2006,Montana,30,943,836470
2006,Nebraska,31,1537,1525766
2006,Nevada,32,1811,2171288
2006,New Hampshire,33,1010,1153553
2006,New Jersey,34,5481,7544316
2006,New Mexico,35,1500,1691725
2006,New York,36,13236,16779069
2006,North Carolina,37,7293,7729851
2006,North Dakota,38,521,571365
2006,Ohio,39,10054,9998197
2006,Oklahoma,40,3598,3102900
2006,Oregon,41,2905,3212096
2006,Pennsylvania,42,11215,11043264
2006,Rhode Island,44,957,940044
2006,South Carolina,45,3425,3794476
2006,South Dakota,46,668,676157
2006,Tennessee,47,5519,5294338
2006,Texas,48,13859,19778521
2006,Utah,49,1196,2064033
2006,Vermont,50,488,555305
2006,Virginia,51,5433,6688600
2006,Washington,53,4438,5550147
2006,West Virginia,54,2223,1620596
2006,Wisconsin,55,4191,4867083
2006,Wyoming,56,554,454981
2007,Alabama,1,4405,4066527
2007,Arizona,4,4275,5270003
2007,Arkansas,5,2908,2462465
2007,California,6,22153,31306272
2007,Colorado,8,3239,4141059
2007,Connecticut,9,2924,3096288
2007,Delaware,10,629,761602
2007,District of Columbia,11,277,517439
2007,Florida,12,14164,16224211
2007,Georgia,13,6318,7992114
2007,Hawaii,15,778,1153110
2007,Idaho,16,1092,1272963
2007,Illinois,17,9278,10995343
2007,Indiana,18,5439,5505793
2007,Iowa,19,3006,2607354
2007,Kansas,20,2638,2392194
2007,Kentucky,21,4417,3702098
2007,Louisiana,22,3272,3780655
2007,Maine,23,1266,1180628
2007,Maryland,24,3722,4929567
2007,Massachusetts,25,5130,5677879
2007,Michigan,26,7679,8713105
2007,Minnesota,27,3068,4511233
2007,Mississippi,28,2518,2515605
2007,Missouri,29,5480,5117347
2007,Montana,30,984,846409
2007,Nebraska,31,1579,1533556
2007,Nevada,32,1751,2238159
2007,New Hampshire,33,1006,1159878
2007,New Jersey,34,5733,7568221
2007,New Mexico,35,1483,1714224
2007,New York,36,13173,16820431
2007,North Carolina,37,7549,7894162
2007,North Dakota,38,500,573495
2007,Ohio,39,10222,10017408
2007,Oklahoma,40,3758,3133377
2007,Oregon,41,2945,3257991
2007,Pennsylvania,42,11515,11091001
2007,Rhode Island,44,848,935956
2007,South Carolina,45,3515,3866512
2007,South Dakota,46,745,682292
2007,Tennessee,47,5719,5370016
2007,Texas,48,14324,20170892
2007,Utah,49,1202,2118406
2007,Vermont,50,477,556102
2007,Virginia,51,5397,6756053
2007,Washington,53,4438,5627751
2007,West Virginia,54,2207,1625444
2007,Wisconsin,55,4298,4894058
2007,Wyoming,56,487,463935
2008,Alabama,1,4577,4106682
2008,Arizona,4,4741,5366380
2008,Arkansas,5,3280,2484617
2008,California,6,23223,31619836
2008,Colorado,8,3509,4213759
2008,Connecticut,9,2904,3116659
2008,Delaware,10,737,772358
2008,District of Columbia,11,290,522814
2008,Florida,12,15191,16375948
2008,Georgia,13,6665,8127036
2008,Hawaii,15,826,1166685
2008,Idaho,16,1109,1295735
2008,Illinois,17,10324,11047833
2008,Indiana,18,6396,5545734
2008,Iowa,19,3251,2619711
2008,Kansas,20,2870,2410276
2008,Kentucky,21,4761,3728381
2008,Louisiana,22,3590,3826914
2008,Maine,23,1349,1184343
2008,Maryland,24,3808,4958779
2008,Massachusetts,25,5479,5715710
2008,Michigan,26,8482,8680714
2008,Minnesota,27,3604,4544508
2008,Mississippi,28,2729,2531291
2008,Missouri,29,6245,5148997
2008,Montana,30,1028,855732
2008,Nebraska,31,1709,1542274
2008,Nevada,32,2024,2283847
2008,New Hampshire,33,1092,1164973
2008,New Jersey,34,6152,7604226
2008,New Mexico,35,1621,1730128
2008,New York,36,13671,16898232
2008,North Carolina,37,7960,8059208
2008,North Dakota,38,617,576812
2008,Ohio,39,11134,10035925
2008,Oklahoma,40,4200,3161107
2008,Oregon,41,3019,3298178
2008,Pennsylvania,42,12493,11133262
2008,Rhode Island,44,935,934948
2008,South Carolina,45,3791,3938880
2008,South Dakota,46,806,687736
2008,Tennessee,47,6146,5430299
2008,Texas,48,15619,20567593
2008,Utah,49,1230,2168444
2008,Vermont,50,501,556874
2008,Virginia,51,5814,6828876
2008,Washington,53,4686,5715031
2008,West Virginia,54,2551,1629917
2008,Wisconsin,55,4533,4918437
2008,Wyoming,56,520,472494
2009,Alabama,1,4687,4144662
2009,Arizona,4,4730,5432742
2009,Arkansas,5,3040,2503755
2009,California,6,22523,31951041
2009,Colorado,8,3376,4285641
2009,Connecticut,9,2911,3135706
2009,Delaware,10,712,779387
2009,District of Columbia,11,271,533416
2009,Florida,12,15351,16504896
2009,Georgia,13,6905,8239677
2009,Hawaii,15,860,1177618
2009,Idaho,16,1163,1313024
2009,Illinois,17,9754,11099143
2009,Indiana,18,6058,5579798
2009,Iowa,19,3100,2632302
2009,Kansas,20,2635,2429293
2009,Kentucky,21,4747,3753904
2009,Louisiana,22,3514,3875016
2009,Maine,23,1388,1184975
2009,Maryland,24,3782,5002074
2009,Massachusetts,25,5135,5764165
2009,Michigan,26,8117,8655742
2009,Minnesota,27,3266,4573123
2009,Mississippi,28,2709,2541079
2009,Missouri,29,5769,5183156
2009,Montana,30,940,861893
2009,Nebraska,31,1574,1555023
2009,Nevada,32,2064,2312972
2009,New Hampshire,33,1051,1167345
2009,New Jersey,34,5919,7648854
2009,New Mexico,35,1583,1751013
2009,New York,36,13516,16988008
2009,North Carolina,37,7746,8185203
2009,North Dakota,38,609,582094
2009,Ohio,39,10786,10053911
2009,Oklahoma,40,3973,3199974
2009,Oregon,41,3021,3334992
2009,Pennsylvania,42,11890,11183847
2009,Rhode Island,44,889,935116
2009,South Carolina,45,3890,3992962
2009,South Dakota,46,691,693735
2009,Tennessee,47,5989,5487172
2009,Texas,48,15186,20983913
2009,Utah,49,1230,2216689
2009,Vermont,50,491,558049
2009,Virginia,51,5722,6912472
2009,Washington,53,4643,5805103
2009,West Virginia,54,2416,1637040
2009,Wisconsin,55,4321,4942864
2009,Wyoming,56,536,483230
2010,Alabama,1,4834,4166550
2010,Arizona,4,4477,5482622
2010,Arkansas,5,2946,2521352
2010,California,6,22250,32216784
2010,Colorado,8,3428,4336633
2010,Connecticut,9,2580,3149420
2010,Delaware,10,710,785562
2010,District of Columbia,11,297,542963
2010,Florida,12,15495,16647549
2010,Georgia,13,7108,8305707
2010,Hawaii,15,839,1189533
2010,Idaho,16,1160,1324615
2010,Illinois,17,9538,11135650
2010,Indiana,18,6223,5604906
2010,Iowa,19,2795,2643586
2010,Kansas,20,2631,2445179
2010,Kentucky,21,4623,3774112
2010,Louisiana,22,3612,3912750
2010,Maine,23,1315,1184725
2010,Maryland,24,3709,5042196
2010,Massachusetts,25,4911,5794855
2010,Michigan,26,8119,8649570
2010,Minnesota,27,3370,4592885
2010,Mississippi,28,2843,2550669
2010,Missouri,29,5874,5208227
2010,Montana,30,974,866227
2010,Nebraska,31,1595,1565505
2010,Nevada,32,1937,2329996
2010,New Hampshire,33,1023,1168908
2010,New Jersey,34,5799,7686124
2010,New Mexico,35,1603,1770890
2010,New York,36,13797,17058325
2010,North Carolina,37,7869,8267498
2010,North Dakota,38,623,587920
2010,Ohio,39,10813,10067759
2010,Oklahoma,40,4078,3227889
2010,Oregon,41,2945,3356304
2010,Pennsylvania,42,11376,11219206
2010,Rhode Island,44,911,934679
2010,South Carolina,45,3894,4027214
2010,South Dakota,46,728,699028
2010,Tennessee,47,6042,5526111
2010,Texas,48,15458,21288854
2010,Utah,49,1339,2250389
2010,Vermont,50,487,559135
2010,Virginia,51,5573,6979550
2010,Washington,53,4323,5855006
2010,West Virginia,54,2430,1642918
2010,Wisconsin,55,4268,4959926
2010,Wyoming,56,557,486210
2011,Alabama,1,4923,4191974
2011,Arizona,4,4648,5573203
2011,Arkansas,5,3274,2545963
2011,California,6,23211,32628856
2011,Colorado,8,3442,4425273
2011,Connecticut,9,2994,3172265
2011,Delaware,10,757,795640
2011,District of Columbia,11,310,557648
2011,Florida,12,15683,16941111
2011,Georgia,13,6894,8437360
2011,Hawaii,15,910,1204168
2011,Idaho,16,1278,1343295
2011,Illinois,17,10015,11184836
2011,Indiana,18,6388,5645589
2011,Iowa,19,3073,2663912
2011,Kansas,20,2784,2462148
2011,Kentucky,21,4966,3805562
2011,Louisiana,22,3562,3954864
2011,Maine,23,1435,1187184
2011,Maryland,24,3864,5109332
2011,Massachusetts,25,5407,5861980
2011,Michigan,26,8560,8665761
2011,Minnesota,27,3693,4638122
2011,Mississippi,28,2910,2565998
2011,Missouri,29,5869,5235307
2011,Montana,30,1010,874392
2011,Nebraska,31,1746,1580381
2011,Nevada,32,2032,2352530
2011,New Hampshire,33,1094,1174151
2011,New Jersey,34,6221,7740504
2011,New Mexico,35,1655,1789896
2011,New York,36,14397,17192228
2011,North Carolina,37,8283,8388770
2011,North Dakota,38,610,597795
2011,Ohio,39,11648,10098029
2011,Oklahoma,40,4100,3259289
2011,Oregon,41,3008,3394883
2011,Pennsylvania,42,12514,11269310
2011,Rhode Island,44,939,936009
2011,South Carolina,45,4072,4077235
2011,South Dakota,46,791,707499
2011,Tennessee,47,6369,5581931
2011,Texas,48,15550,21761063
2011,Utah,49,1348,2299948
2011,Vermont,50,521,560999
2011,Virginia,51,6017,7082978
2011,Washington,53,4972,5944507
2011,West Virginia,54,2496,1645742
2011,Wisconsin,55,4598,4989027
2011,Wyoming,56,536,489913
2012,Alabama,1,5046,4211287
2012,Arizona,4,4645,5656681
2012,Arkansas,5,3171,2556807
2012,California,6,22605,32955562
2012,Colorado,8,3446,4497349
2012,Connecticut,9,2845,3181632
2012,Delaware,10,691,804237
2012,District of Columbia,11,268,568501
2012,Florida,12,15977,17171247
2012,Georgia,13,7043,8543597
2012,Hawaii,15,952,1215540
2012,Idaho,16,1208,1356954
2012,Illinois,17,9889,11210978
2012,Indiana,18,6358,5671600
2012,Iowa,19,3090,2675211
2012,Kansas,20,2788,2477519
2012,Kentucky,21,4934,3822335
2012,Louisiana,22,3740,3981675
2012,Maine,23,1330,1189327
2012,Maryland,24,3737,5152540
2012,Massachusetts,25,5141,5910041
2012,Michigan,26,8426,8689108
2012,Minnesota,27,3516,4669688
2012,Mississippi,28,2882,2575117
2012,Missouri,29,6116,5253518
2012,Montana,30,961,881333
2012,Nebraska,31,1693,1592690
2012,Nevada,32,2200,2388233
2012,New Hampshire,33,1087,1179872
2012,New Jersey,34,6353,7777532
2012,New Mexico,35,1547,1798728
2012,New York,36,14045,17274356
2012,North Carolina,37,8566,8488117
2012,North Dakota,38,597,610336
2012,Ohio,39,11612,10115760
2012,Oklahoma,40,3755,3287360
2012,Oregon,41,2808,3426990
2012,Pennsylvania,42,11743,11301536
2012,Rhode Island,44,841,937769
2012,South Carolina,45,4101,4124459
2012,South Dakota,46,816,716104
2012,Tennessee,47,6345,5636373
2012,Texas,48,16164,22159786
2012,Utah,49,1340,2339829
2012,Vermont,50,563,561356
2012,Virginia,51,5886,7159828
2012,Washington,53,4854,6011189
2012,West Virginia,54,2453,1647135
2012,Wisconsin,55,4410,5009711
2012,Wyoming,56,519,498370
2013,Alabama,1,5149,4228162
2013,Arizona,4,4905,5733620
2013,Arkansas,5,3462,2566691
2013,California,6,24223,33276431
2013,Colorado,8,3663,4576574
2013,Connecticut,9,2906,3190342
2013,Delaware,10,781,812937
2013,District of Columbia,11,307,578314
2013,Florida,12,17217,17395134
2013,Georgia,13,7532,8619528
2013,Hawaii,15,1006,1228276
2013,Idaho,16,1325,1374254
2013,Illinois,17,10170,11238425
2013,Indiana,18,6814,5704547
2013,Iowa,19,3338,2690212
2013,Kansas,20,2937,2487392
2013,Kentucky,21,5192,3839295
2013,Louisiana,22,4074,4004334
2013,Maine,23,1487,1190951
2013,Maryland,24,4024,5191936
2013,Massachusetts,25,5342,5961343
2013,Michigan,26,9124,8710102
2013,Minnesota,27,3909,4706705
2013,Mississippi,28,3236,2584359
2013,Missouri,29,6462,5273731
2013,Montana,30,1060,889451
2013,Nebraska,31,1698,1604809
2013,Nevada,32,2338,2421383
2013,New Hampshire,33,1142,1183631
2013,New Jersey,34,6715,7810603
2013,New Mexico,35,1719,1803219
2013,New York,36,14557,17345327
2013,North Carolina,37,8735,8587364
2013,North Dakota,38,616,627678
2013,Ohio,39,11756,10140828
2013,Oklahoma,40,4080,3317617
2013,Oregon,41,3123,3454729
2013,Pennsylvania,42,12693,11318495
2013,Rhode Island,44,838,939128
2013,South Carolina,45,4511,4171695
2013,South Dakota,46,748,724690
2013,Tennessee,47,6763,5676023
2013,Texas,48,16848,22534283
2013,Utah,49,1497,2386090
2013,Vermont,50,541,562809
2013,Virginia,51,6232,7227946
2013,Washington,53,4941,6077743
2013,West Virginia,54,2551,1644414
2013,Wisconsin,55,4862,5031411
2013,Wyoming,56,598,503743
2014,Alabama,1,5212,4243722
2014,Arizona,4,4971,5828415
2014,Arkansas,5,3422,2576729
2014,California,6,22616,33625515
2014,Colorado,8,3934,4659944
2014,Connecticut,9,2947,3193115
2014,Delaware,10,790,822744
2014,District of Columbia,11,280,585317
2014,Florida,12,17140,17675210
2014,Georgia,13,7677,8724082
2014,Hawaii,15,999,1237786
2014,Idaho,16,1306,1396073
2014,Illinois,17,10440,11247661
2014,Indiana,18,6461,5734182
2014,Iowa,19,3116,2705382
2014,Kansas,20,2909,2496907
2014,Kentucky,21,5319,3854210
2014,Louisiana,22,4104,4024647
2014,Maine,23,1460,1194146
2014,Maryland,24,3824,5223988
2014,Massachusetts,25,5254,6008770
2014,Michigan,26,8948,8735984
2014,Minnesota,27,3693,4741479
2014,Mississippi,28,3200,2589617
2014,Missouri,29,6475,5295109
2014,Montana,30,1062,897143
2014,Nebraska,31,1783,1616943
2014,Nevada,32,2516,2465897
2014,New Hampshire,33,1126,1191793
2014,New Jersey,34,6388,7843259
2014,New Mexico,35,1817,1805591
2014,New York,36,14250,17397721
2014,North Carolina,37,8790,8684596
2014,North Dakota,38,651,639706
2014,Ohio,39,11706,10170345
2014,Oklahoma,40,4144,3341618
2014,Oregon,41,3039,3496192
2014,Pennsylvania,42,12067,11334535
2014,Rhode Island,44,872,941990
2014,South Carolina,45,4497,4230271
2014,South Dakota,46,778,731527
2014,Tennessee,47,6900,5725296
2014,Texas,48,17173,22967059
2014,Utah,49,1471,2426757
2014,Vermont,50,521,563281
2014,Virginia,51,6148,7284803
2014,Washington,53,4903,6159156
2014,West Virginia,54,2518,1640748
2014,Wisconsin,55,4825,5052807
2014,Wyoming,56,572,504525
2015,Alabama,1,5571,4255569
2015,Arizona,4,5325,5926020
2015,Arkansas,5,3513,2589229
2015,California,6,24138,33948225
2015,Colorado,8,4090,4757250
2015,Connecticut,9,2974,3192188
2015,Delaware,10,871,832188
2015,District of Columbia,11,340,594080
2015,Florida,12,17881,18002490
2015,Georgia,13,8019,8836416
2015,Hawaii,15,1144,1245981
2015,Idaho,16,1376,1415880
2015,Illinois,17,10311,11239350
2015,Indiana,18,6683,5754245
2015,Iowa,19,3280,2718749
2015,Kansas,20,3024,2507109
2015,Kentucky,21,5416,3868201
2015,Louisiana,22,4002,4045159
2015,Maine,23,1686,1194413
2015,Maryland,24,4161,5251443
2015,Massachusetts,25,5702,6046437
2015,Michigan,26,9509,8746602
2015,Minnesota,27,3945,4771695
2015,Mississippi,28,3410,2591504
2015,Missouri,29,6783,5313975
2015,Montana,30,1078,905669
2015,Nebraska,31,1953,1628658
2015,Nevada,32,2557,2512279
2015,New Hampshire,33,1240,1194816
2015,New Jersey,34,7064,7862106
2015,New Mexico,35,1781,1807914
2015,New York,36,14962,17431688
2015,North Carolina,37,9353,8788166
2015,North Dakota,38,682,652711
2015,Ohio,39,12303,10187708
2015,Oklahoma,40,4208,3369281
2015,Oregon,41,3182,3549791
2015,Pennsylvania,42,12831,11341064
2015,Rhode Island,44,958,944119
2015,South Carolina,45,4841,4293735
2015,South Dakota,46,846,736397
2015,Tennessee,47,7377,5773806
2015,Texas,48,17581,23405648
2015,Utah,49,1557,2476226
2015,Vermont,50,545,563097
2015,Virginia,51,6348,7336217
2015,Washington,53,5365,6257083
2015,West Virginia,54,2634,1634795
2015,Wisconsin,55,4988,5067899
2015,Wyoming,56,566,506945
2016,Alabama,1,5558,4267118
2016,Arizona,4,5605,6037595
2016,Arkansas,5,3364,2601428
2016,California,6,24026,34223019
2016,Colorado,8,3930,4849737
2016,Connecticut,9,2882,3189222
2016,Delaware,10,867,840439
2016,District of Columbia,11,296,602582
2016,Florida,12,18338,18343296
2016,Georgia,13,8090,8948949
2016,Hawaii,15,1120,1249936
2016,Idaho,16,1361,1445172
2016,Illinois,17,10214,11223023
2016,Indiana,18,6808,5776644
2016,Iowa,19,3138,2731340
2016,Kansas,20,2810,2511359
2016,Kentucky,21,5536,3881885
2016,Louisiana,22,4045,4059903
2016,Maine,23,1499,1197307
2016,Maryland,24,4036,5273156
2016,Massachusetts,25,5267,6077164
2016,Michigan,26,9008,8762012
2016,Minnesota,27,3702,4807989
2016,Mississippi,28,3597,2596189
2016,Missouri,29,6701,5334357
2016,Montana,30,1084,915612
2016,Nebraska,31,1802,1641476
2016,Nevada,32,2667,2564522
2016,New Hampshire,33,1147,1200669
2016,New Jersey,34,6749,7878071
2016,New Mexico,35,1806,1813281
2016,New York,36,14223,17440590
2016,North Carolina,37,9302,8900309
2016,North Dakota,38,623,652917
2016,Ohio,39,11900,10203995
2016,Oklahoma,40,3982,3386086
2016,Oregon,41,3117,3614794
2016,Pennsylvania,42,12330,11340839
2016,Rhode Island,44,839,945885
2016,South Carolina,45,4707,4358301
2016,South Dakota,46,796,743608
2016,Tennessee,47,7346,5828770
2016,Texas,48,17286,23805106
2016,Utah,49,1633,2534633
2016,Vermont,50,512,562062
2016,Virginia,51,6078,7382251
2016,Washington,53,5158,6372888
2016,West Virginia,54,2499,1626823
2016,Wisconsin,55,4772,5084558
2016,Wyoming,56,520,507107
